{"cameraMode":{"drawMode":0,"name":"Shaded","section":"Shading Mode"},"sceneLighting":true,"audioPlay":false,"sceneViewState":{"m_AlwaysRefresh":false,"showFog":true,"showSkybox":true,"showFlares":true,"showImageEffects":true,"showParticleSystems":true,"showVisualEffectGraphs":true,"m_FxEnabled":true},"in2DMode":false,"pivot":{"x":4.631253242492676,"y":1.3958522081375123,"z":-8.531785011291504},"rotation":{"x":0.0389237254858017,"y":-0.29957178235054018,"z":0.012228156439960003,"w":0.9532054662704468},"size":0.8660253882408142,"orthographic":false}