{"cameraMode":{"drawMode":0,"name":"Shaded","section":"Shading Mode"},"sceneLighting":true,"audioPlay":false,"sceneViewState":{"m_AlwaysRefresh":false,"showFog":true,"showSkybox":true,"showFlares":true,"showImageEffects":true,"showParticleSystems":true,"showVisualEffectGraphs":true,"m_FxEnabled":true},"in2DMode":false,"pivot":{"x":-19.08986473083496,"y":25.442394256591798,"z":-121.66587829589844},"rotation":{"x":0.03927211835980415,"y":0.8298066258430481,"z":-0.058846306055784228,"w":0.5535317659378052},"size":10.548240661621094,"orthographic":false}