{"cameraMode":{"drawMode":0,"name":"Shaded","section":"Shading Mode"},"sceneLighting":true,"audioPlay":false,"sceneViewState":{"m_AlwaysRefresh":false,"showFog":true,"showSkybox":true,"showFlares":true,"showImageEffects":true,"showParticleSystems":true,"showVisualEffectGraphs":true,"m_FxEnabled":true},"in2DMode":false,"pivot":{"x":330.6400146484375,"y":17.799999237060548,"z":-97.33999633789063},"rotation":{"x":0.1972251534461975,"y":0.2511989176273346,"z":-0.052359696477651599,"w":0.9461830854415894},"size":5.5920515060424809,"orthographic":false}