{"cameraMode":{"drawMode":0,"name":"Shaded","section":"Shading Mode"},"sceneLighting":true,"audioPlay":false,"sceneViewState":{"m_AlwaysRefresh":false,"showFog":true,"showSkybox":true,"showFlares":true,"showImageEffects":true,"showParticleSystems":true,"showVisualEffectGraphs":true,"m_FxEnabled":true},"in2DMode":false,"pivot":{"x":0.5852971076965332,"y":25.190248489379884,"z":-58.19676208496094},"rotation":{"x":0.08791349828243256,"y":-0.060651250183582309,"z":-0.005378585774451494,"w":-0.9942578077316284},"size":10.548240661621094,"orthographic":false}