{"cameraMode":{"drawMode":0,"name":"Shaded","section":"Shading Mode"},"sceneLighting":true,"audioPlay":false,"sceneViewState":{"m_AlwaysRefresh":false,"showFog":true,"showSkybox":true,"showFlares":true,"showImageEffects":true,"showParticleSystems":true,"showVisualEffectGraphs":true,"m_FxEnabled":true},"in2DMode":false,"pivot":{"x":-13.738945007324219,"y":52.39300537109375,"z":-19.756999969482423},"rotation":{"x":-0.23521530628204347,"y":0.40570399165153506,"z":0.10889019817113877,"w":0.8764720559120178},"size":10.548240661621094,"orthographic":false}